 barcode ;Productos ;marca;Categoría;precio;stock;foto_url;foto_estado
 7.791.120.032.561 ;Arroz largo fino 53 x500gr;53;Almacen;550.01;1;https://www.google.com/search?tbm=isch&q=Arroz+largo+fino+53+x500gr;
 7.791.120.032.554 ;Arroz largo fino 53 x1kg;53;Almacen;1090.00;2;https://www.google.com/search?tbm=isch&q=Arroz+largo+fino+53+x1kg;
 7.790.139.002.886 ;Fernet 1882 x450cc;1882;Almacen;5797.00;3;https://www.google.com/search?tbm=isch&q=Fernet+1882+x450cc;
 7.798.167.041.334 ;Fernet con cola 1882 x473cc;1882;Almacen;1542.99;4;https://www.google.com/search?tbm=isch&q=Fernet+con+cola+1882+x473cc;
 7.798.167.043.741 ;Fernet 1882 x1 lt;1882;Almacen;8238.00;5;https://www.google.com/search?tbm=isch&q=Fernet+1882+x1+lt;
 7.792.798.013.951 ;Cerveza 1890 rubia lata x473cc;1890;Almacen;1817.00;6;https://www.google.com/search?tbm=isch&q=Cerveza+1890+rubia+lata+x473cc;
 7.790.154.000.485 ;Sidra 1930 demi sec x750cc;1930;Almacen;4633.01;7;https://www.google.com/search?tbm=isch&q=Sidra+1930+demi+sec+x750cc;
 7.790.154.008.078 ;Sidra 1930 dolce x750cc;1930;Almacen;5148.01;8;https://www.google.com/search?tbm=isch&q=Sidra+1930+dolce+x750cc;
 7.790.154.008.122 ;Sidra 1930 pera x750cc;1930;Almacen;5148.01;9;https://www.google.com/search?tbm=isch&q=Sidra+1930+pera+x750cc;
 7.790.260.013.065 ;Licor 3 PLUMAS chocolate x700cc;3 PLUMAS;Almacen;6658.00;10;https://www.google.com/search?tbm=isch&q=Licor+3+PLUMAS+chocolate+x700cc;
 7.792.200.000.791 ;Sconcitos 9 DE ORO x200gr;9 DE ORO;Almacen;1157.99;11;https://www.google.com/search?tbm=isch&q=Sconcitos+9+DE+ORO+x200gr;
 7.792.200.000.128 ;Bizcochos 9 DE ORO agridulce x200gr;9 DE ORO;Almacen;1028.00;12;https://www.google.com/search?tbm=isch&q=Bizcochos+9+DE+ORO+agridulce+x200gr;
 7.792.200.000.159 ;Bizcochos 9 DE ORO clasicos x200gr;9 DE ORO;Almacen;1028.00;13;https://www.google.com/search?tbm=isch&q=Bizcochos+9+DE+ORO+clasicos+x200gr;
 7.792.200.000.319 ;Bizcochos 9 DE ORO azucarados x210gr;9 DE ORO;Almacen;1028.00;14;https://www.google.com/search?tbm=isch&q=Bizcochos+9+DE+ORO+azucarados+x210gr;
 2.086.734 ;Asado Patagonia Meat xkg;A;Almacen;9999.00;15;https://www.google.com/search?tbm=isch&q=Asado+Patagonia+Meat+xkg;
 7.791.093.000.024 ;Vino ABEL M. TORINO suc.blancox700cc;ABEL M. TORINO;Almacen;1910.00;16;https://www.google.com/search?tbm=isch&q=Vino+ABEL+M.+TORINO+suc.blancox700cc;
 7.791.093.000.017 ;Vino ABEL M. TORINO suc.tinto x700cc;ABEL M. TORINO;Almacen;1910.00;17;https://www.google.com/search?tbm=isch&q=Vino+ABEL+M.+TORINO+suc.tinto+x700cc;
 7.791.093.000.369 ;Vino ABEL M. TORINO abocado x700cc;ABEL M. TORINO;Almacen;1910.00;18;https://www.google.com/search?tbm=isch&q=Vino+ABEL+M.+TORINO+abocado+x700cc;
 7.792.870.019.918 ;Vino ABEL M. TORINO suc.tinto x1.125lt;ABEL M. TORINO;Almacen;2388.00;19;https://www.google.com/search?tbm=isch&q=Vino+ABEL+M.+TORINO+suc.tinto+x1.125lt;
 7.312.040.017.683 ;Vodka ABSOLUT x700/750cc;ABSOLUT;Almacen;22555.00;20;https://www.google.com/search?tbm=isch&q=Vodka+ABSOLUT+x700/750cc;
 7.312.040.350.056 ;Vodka ABSOLUT raspberry x700/750cc;ABSOLUT;Almacen;27073.00;21;https://www.google.com/search?tbm=isch&q=Vodka+ABSOLUT+raspberry+x700/750cc;
 7.790.990.002.988 ;Jabon liq ACE clasico d/p x3lt;ACE;Almacen;7414.00;22;https://www.google.com/search?tbm=isch&q=Jabon+liq+ACE+clasico+d/p+x3lt;
 7.791.600.272.593 ;Estuche ACQUA DI COLBERT deo + perfume;ACQUA;Almacen;21999.00;23;https://www.google.com/search?tbm=isch&q=Estuche+ACQUA+DI+COLBERT+deo+++perfume;
 7.790.407.031.013 ;Chocolate AGUILA negro x100gr;AGUILA;Almacen;4866.00;24;https://www.google.com/search?tbm=isch&q=Chocolate+AGUILA+negro+x100gr;
 7.790.407.031.273 ;Chocolate AGUILA negro x150gr;AGUILA;Almacen;6422.00;25;https://www.google.com/search?tbm=isch&q=Chocolate+AGUILA+negro+x150gr;
 7.790.580.315.405 ;Chocolate AGUILA barra x14gr;AGUILA;Almacen;1070.00;26;https://www.google.com/search?tbm=isch&q=Chocolate+AGUILA+barra+x14gr;
 7.790.580.143.015 ;Chocolate AGUILA neg 60% naranja x100gr;AGUILA;Almacen;5942.00;27;https://www.google.com/search?tbm=isch&q=Chocolate+AGUILA+neg+60%+naranja+x100gr;
 7.790.070.760.494 ;Vino AIME cabernet x750cc;AIME;Almacen;5867.00;28;https://www.google.com/search?tbm=isch&q=Vino+AIME+cabernet+x750cc;
 7.790.070.760.500 ;Vino AIME malbec x750cc;AIME;Almacen;5867.00;29;https://www.google.com/search?tbm=isch&q=Vino+AIME+malbec+x750cc;
 7.790.070.760.487 ;Vino AIME red blend x750cc;AIME;Almacen;5867.00;30;https://www.google.com/search?tbm=isch&q=Vino+AIME+red+blend+x750cc;
 7.791.290.794.276 ;Detergente ALA limon x300ml;ALA;Almacen;1368.00;31;https://www.google.com/search?tbm=isch&q=Detergente+ALA+limon+x300ml;
 7.791.290.795.280 ;Jabon liq ALA CAMELLITO matic d/p x450ml;ALA;Almacen;3058.00;32;https://www.google.com/search?tbm=isch&q=Jabon+liq+ALA+CAMELLITO+matic+d/p+x450ml;
 7.791.290.792.036 ;Jabon liq ALA matic ecolavado d/p x3lt;ALA;Almacen;7929.00;33;https://www.google.com/search?tbm=isch&q=Jabon+liq+ALA+matic+ecolavado+d/p+x3lt;
 7.791.290.792.012 ;Jabon liq ALA matic ecolavado d/p x800ml;ALA;Almacen;2806.00;34;https://www.google.com/search?tbm=isch&q=Jabon+liq+ALA+matic+ecolavado+d/p+x800ml;
 7.791.290.792.173 ;Jabon liq ALA matic eco vivere d/p x3lt;ALA;Almacen;10752.00;35;https://www.google.com/search?tbm=isch&q=Jabon+liq+ALA+matic+eco+vivere+d/p+x3lt;
 7.791.290.792.869 ;Jabon liq ALA pro baja espuma x5lt;ALA;Almacen;15448.00;36;https://www.google.com/search?tbm=isch&q=Jabon+liq+ALA+pro+baja+espuma+x5lt;
 7.791.290.792.043 ;Jabon liq ALA matic eco p/diluir x500ml;ALA;Almacen;6178.01;37;https://www.google.com/search?tbm=isch&q=Jabon+liq+ALA+matic+eco+p/diluir+x500ml;
 7.791.290.792.845 ;Jabon liq ALA matic p/diluir x500ml+bot;ALA;Almacen;9165.00;38;https://www.google.com/search?tbm=isch&q=Jabon+liq+ALA+matic+p/diluir+x500ml+bot;
 7.791.290.793.927 ;Lavavajilla ALA limon crem x750ml;ALA;Almacen;2192.00;39;https://www.google.com/search?tbm=isch&q=Lavavajilla+ALA+limon+crem+x750ml;
 7.791.290.793.903 ;Lavavajilla ALA glicerina crem x750ml;ALA;Almacen;2192.00;40;https://www.google.com/search?tbm=isch&q=Lavavajilla+ALA+glicerina+crem+x750ml;
 7.791.290.792.050 ;Jabon polvo ALA ecolavado x800g;ALA;Almacen;2940.00;41;https://www.google.com/search?tbm=isch&q=Jabon+polvo+ALA+ecolavado+x800g;
 7.791.290.792.142 ;Jabon polvo ALA matic mańana sol x800g;ALA;Almacen;2940.00;42;https://www.google.com/search?tbm=isch&q=Jabon+polvo+ALA+matic+mańana+sol+x800g;
 7.791.290.792.074 ;Jabon polvo ALA ecolavado x3kg;ALA;Almacen;9824.99;43;https://www.google.com/search?tbm=isch&q=Jabon+polvo+ALA+ecolavado+x3kg;
 7.791.290.792.159 ;Jabon polvo ALA matic mańana sol x3kg;ALA;Almacen;9824.99;44;https://www.google.com/search?tbm=isch&q=Jabon+polvo+ALA+matic+mańana+sol+x3kg;
 7.791.290.792.104 ;Jabon polvo ALA matic ecolavado x3kg;ALA;Almacen;9824.99;45;https://www.google.com/search?tbm=isch&q=Jabon+polvo+ALA+matic+ecolavado+x3kg;
 7.791.290.792.166 ;Jabon polvo ALA matic mańana sol x400g;ALA;Almacen;1461.00;46;https://www.google.com/search?tbm=isch&q=Jabon+polvo+ALA+matic+mańana+sol+x400g;
 7.791.290.792.098 ;Jabon polvo ALA matic ecolavado x400g;ALA;Almacen;1461.00;47;https://www.google.com/search?tbm=isch&q=Jabon+polvo+ALA+matic+ecolavado+x400g;
 7.791.290.792.067 ;Jabon polvo ALA ecolavado x400g;ALA;Almacen;1461.00;48;https://www.google.com/search?tbm=isch&q=Jabon+polvo+ALA+ecolavado+x400g;
 7.791.290.792.913 ;Jabon polvo ALA pro baja espuma x10kg;ALA;Almacen;28560.01;49;https://www.google.com/search?tbm=isch&q=Jabon+polvo+ALA+pro+baja+espuma+x10kg;
 7.791.290.791.770 ;Jabon polvo ALA matic c/bicarb x800g;ALA;Almacen;2563.00;50;https://www.google.com/search?tbm=isch&q=Jabon+polvo+ALA+matic+c/bicarb+x800g;
 7.791.290.793.200 ;Jabon liq ALA matic p/diluir d/px150ml;ALA;Almacen;2169.00;51;https://www.google.com/search?tbm=isch&q=Jabon+liq+ALA+matic+p/diluir+d/px150ml;
 7.791.290.794.306 ;Detergente ALA pomelo x500ml;ALA;Almacen;2367.00;52;https://www.google.com/search?tbm=isch&q=Detergente+ALA+pomelo+x500ml;
 7.791.290.794.320 ;Detergente ALA oceano x500ml;ALA;Almacen;2367.00;53;https://www.google.com/search?tbm=isch&q=Detergente+ALA+oceano+x500ml;
 7.791.290.794.900 ;Lavavajilla ALA flores bcas crem x750ml;ALA;Almacen;2192.00;54;https://www.google.com/search?tbm=isch&q=Lavavajilla+ALA+flores+bcas+crem+x750ml;
 7.791.290.794.283 ;Detergente ALA limon x500ml;ALA;Almacen;2367.00;55;https://www.google.com/search?tbm=isch&q=Detergente+ALA+limon+x500ml;
 7.791.290.795.495 ;Jabon liq ALA c/bicarb p/diluir x500ml;ALA;Almacen;6178.01;56;https://www.google.com/search?tbm=isch&q=Jabon+liq+ALA+c/bicarb+p/diluir+x500ml;
 7.790.240.107.500 ;Vino ALARIS cabernet x750cc;ALARIS;Almacen;3500.00;57;https://www.google.com/search?tbm=isch&q=Vino+ALARIS+cabernet+x750cc;
 7.790.240.017.045 ;Vino ALARIS malbec x750cc;ALARIS;Almacen;3670.99;58;https://www.google.com/search?tbm=isch&q=Vino+ALARIS+malbec+x750cc;
 7.790.240.041.880 ;Vino ALARIS dulce cosecha x750cc;ALARIS;Almacen;3500.00;59;https://www.google.com/search?tbm=isch&q=Vino+ALARIS+dulce+cosecha+x750cc;
 7.790.150.610.305 ;Esencia de vainilla ALICANTE x100cc;ALICANTE;Almacen;1719.00;60;https://www.google.com/search?tbm=isch&q=Esencia+de+vainilla+ALICANTE+x100cc;
 7.790.150.535.394 ;Nuez moscada ALICANTE molida x25gr;ALICANTE;Almacen;2161.00;61;https://www.google.com/search?tbm=isch&q=Nuez+moscada+ALICANTE+molida+x25gr;
 7.790.150.540.183 ;Oregano ALICANTE x25gr;ALICANTE;Almacen;1326.99;62;https://www.google.com/search?tbm=isch&q=Oregano+ALICANTE+x25gr;
 7.790.150.540.336 ;Oregano ALICANTE x50gr;ALICANTE;Almacen;2470.00;63;https://www.google.com/search?tbm=isch&q=Oregano+ALICANTE+x50gr;
 7.790.150.550.588 ;Pimienta blanca ALICANTE molida x25gr;ALICANTE;Almacen;1748.99;64;https://www.google.com/search?tbm=isch&q=Pimienta+blanca+ALICANTE+molida+x25gr;
 7.790.150.564.844 ;Pimenton ALICANTE x25gr;ALICANTE;Almacen;822.00;65;https://www.google.com/search?tbm=isch&q=Pimenton+ALICANTE+x25gr;
 7.790.150.532.300 ;Mix ALICANTE criollo x25gr;ALICANTE;Almacen;1337.00;66;https://www.google.com/search?tbm=isch&q=Mix+ALICANTE+criollo+x25gr;
 7.790.150.532.706 ;Mix ALICANTE a las brasas x25gr;ALICANTE;Almacen;1255.00;67;https://www.google.com/search?tbm=isch&q=Mix+ALICANTE+a+las+brasas+x25gr;
 7.790.240.042.108 ;Vino ALMA MORA malbec x750cc;ALMA MORA;Almacen;4984.00;68;https://www.google.com/search?tbm=isch&q=Vino+ALMA+MORA+malbec+x750cc;
 7.790.240.042.085 ;Vino ALMA MORA cabernet x750cc;ALMA MORA;Almacen;4984.00;69;https://www.google.com/search?tbm=isch&q=Vino+ALMA+MORA+cabernet+x750cc;
 7.790.240.042.092 ;Vino ALMA MORA syrah x750cc;ALMA MORA;Almacen;4984.00;70;https://www.google.com/search?tbm=isch&q=Vino+ALMA+MORA+syrah+x750cc;
 7.791.540.044.106 ;Vino ALMA MORA reserva malbec x750cc;ALMA MORA;Almacen;6364.00;71;https://www.google.com/search?tbm=isch&q=Vino+ALMA+MORA+reserva+malbec+x750cc;
 7.790.380.040.293 ;Chocolate ALTEZA taza x90g;ALTEZA;Almacen;1801.00;72;https://www.google.com/search?tbm=isch&q=Chocolate+ALTEZA+taza+x90g;
 7.792.710.000.106 ;Yerba AMANDA seleccion x1kg;AMANDA;Almacen;4118.01;73;https://www.google.com/search?tbm=isch&q=Yerba+AMANDA+seleccion+x1kg;
 7.792.710.000.090 ;Yerba AMANDA seleccion x500gr;AMANDA;Almacen;1935.00;74;https://www.google.com/search?tbm=isch&q=Yerba+AMANDA+seleccion+x500gr;
 7.792.710.000.182 ;Yerba AMANDA tradicional x500g;AMANDA;Almacen;1842.00;75;https://www.google.com/search?tbm=isch&q=Yerba+AMANDA+tradicional+x500g;
 7.792.710.000.014 ;Yerba AMANDA tradicional x1kg;AMANDA;Almacen;3455.00;76;https://www.google.com/search?tbm=isch&q=Yerba+AMANDA+tradicional+x1kg;
 7.792.710.006.436 ;Yerba AMANDA suave x500gr;AMANDA;Almacen;2054.00;77;https://www.google.com/search?tbm=isch&q=Yerba+AMANDA+suave+x500gr;
 7.790.950.001.969 ;Aperitivo AMARGO OBRERO x950cc;AMARGO OBRERO;Almacen;4426.99;78;https://www.google.com/search?tbm=isch&q=Aperitivo+AMARGO+OBRERO+x950cc;
 6.001.495.062.508 ;Licor AMARULA crema x 750cc;AMARULA;Almacen;37676.00;79;https://www.google.com/search?tbm=isch&q=Licor+AMARULA+crema+x+750cc;
 7.792.798.999.866 ;Cerveza ANDES ORIGEN rubia lata x473cc;ANDES ORIGEN;Almacen;2367.01;80;https://www.google.com/search?tbm=isch&q=Cerveza+ANDES+ORIGEN+rubia+lata+x473cc;
 7.792.798.992.317 ;Cerveza ANDES ORIGEN roja lata x473cc;ANDES ORIGEN;Almacen;2367.00;81;https://www.google.com/search?tbm=isch&q=Cerveza+ANDES+ORIGEN+roja+lata+x473cc;
 7.792.798.002.320 ;Cerveza ANDES ORIGEN negra lata x473cc;ANDES ORIGEN;Almacen;2367.00;82;https://www.google.com/search?tbm=isch&q=Cerveza+ANDES+ORIGEN+negra+lata+x473cc;
 7.798.338.290.073 ;Leche ANGELITA parc desc tb x1lt;ANGELITA;Almacen;1632.00;83;https://www.google.com/search?tbm=isch&q=Leche+ANGELITA+parc+desc+tb+x1lt;
 7.798.338.290.486 ;Leche ANGELITA clasica liviana 2% tbx1lt;ANGELITA;Almacen;1632.00;84;https://www.google.com/search?tbm=isch&q=Leche+ANGELITA+clasica+liviana+2%+tbx1lt;
 7.790.895.004.971 ;Agua sab.AQUARIUS pomelo rosado x2.25lt;AQUARIUS;Almacen;2975.00;85;https://www.google.com/search?tbm=isch&q=Agua+sab.AQUARIUS+pomelo+rosado+x2.25lt;
 7.790.580.160.807 ;Aceite maiz ARCOR x 900ml;ARCOR;Almacen;5148.01;86;https://www.google.com/search?tbm=isch&q=Aceite+maiz+ARCOR+x+900ml;
 7.790.580.132.170 ;Mermelada ARCOR damasco x454g;ARCOR;Almacen;2604.00;87;https://www.google.com/search?tbm=isch&q=Mermelada+ARCOR+damasco+x454g;
 7.790.580.567.903 ;Tomate entero ARCOR lata x400gr;ARCOR;Almacen;1183.00;88;https://www.google.com/search?tbm=isch&q=Tomate+entero+ARCOR+lata+x400gr;
 7.790.580.106.737 ;Caramelos ARCOR masticable frutal x800gr;ARCOR;Almacen;8517.00;89;https://www.google.com/search?tbm=isch&q=Caramelos+ARCOR+masticable+frutal+x800gr;
 7.790.580.131.388 ;Bombones ARCOR seleccion surtidos x228g;ARCOR;Almacen;9711.00;90;https://www.google.com/search?tbm=isch&q=Bombones+ARCOR+seleccion+surtidos+x228g;
 7.790.580.133.450 ;Chocolate ARCOR milk tableta x12g;ARCOR;Almacen;565.00;91;https://www.google.com/search?tbm=isch&q=Chocolate+ARCOR+milk+tableta+x12g;
 7.790.580.151.393 ;Bombones ARCOR kiosco ed/limit x231,5g;ARCOR;Almacen;6249.00;92;https://www.google.com/search?tbm=isch&q=Bombones+ARCOR+kiosco+ed/limit+x231,5g;
 7.794.218.106.328 ;Jabon en pan ARGENTINO blanco x200g;ARGENTINO;Almacen;792.01;93;https://www.google.com/search?tbm=isch&q=Jabon+en+pan+ARGENTINO+blanco+x200g;
 7.794.218.106.120 ;Jabon en pan ARGENTINO blanco 2u x200g;ARGENTINO;Almacen;1358.00;94;https://www.google.com/search?tbm=isch&q=Jabon+en+pan+ARGENTINO+blanco+2u+x200g;
 7.794.218.106.854 ;Jabon en pan ARGENTINO blanc extr x150g;ARGENTINO;Almacen;668.00;95;https://www.google.com/search?tbm=isch&q=Jabon+en+pan+ARGENTINO+blanc+extr+x150g;
 7.794.218.106.236 ;Jab barra ARGENTINO 3x80g;ARGENTINO;Almacen;1307.01;96;https://www.google.com/search?tbm=isch&q=Jab+barra+ARGENTINO+3x80g;
 7.790.990.002.865 ;Jabon liq ARIEL limp prof d/p x800ml;ARIEL;Almacen;3074.01;97;https://www.google.com/search?tbm=isch&q=Jabon+liq+ARIEL+limp+prof+d/p+x800ml;
 5.413.149.002.296 ;Jabon liq ARIEL limp prof bot x800ml;ARIEL;Almacen;2739.00;98;https://www.google.com/search?tbm=isch&q=Jabon+liq+ARIEL+limp+prof+bot+x800ml;
 7.790.990.002.872 ;Jabon liq ARIEL limp prof d/p x3lt;ARIEL;Almacen;11359.00;99;https://www.google.com/search?tbm=isch&q=Jabon+liq+ARIEL+limp+prof+d/p+x3lt;
 7.790.990.002.827 ;Jabon liq ARIEL delicados d/p x3lt;ARIEL;Almacen;11359.00;100;https://www.google.com/search?tbm=isch&q=Jabon+liq+ARIEL+delicados+d/p+x3lt;
 7.790.990.002.810 ;Jabon liq ARIEL delicados d/p x800ml;ARIEL;Almacen;3074.01;101;https://www.google.com/search?tbm=isch&q=Jabon+liq+ARIEL+delicados+d/p+x800ml;
 7.790.990.002.834 ;Jabon liq ARIEL platinum p/diluir x500ml;ARIEL;Almacen;9759.00;102;https://www.google.com/search?tbm=isch&q=Jabon+liq+ARIEL+platinum+p/diluir+x500ml;
 7.790.070.933.652 ;Cafe instantaneo ARLISTAN frasco x50gr;ARLISTAN;Almacen;2573.00;103;https://www.google.com/search?tbm=isch&q=Cafe+instantaneo+ARLISTAN+frasco+x50gr;
 7.790.070.933.645 ;Cafe instantaneo ARLISTAN frasco x100gr;ARLISTAN;Almacen;4118.01;104;https://www.google.com/search?tbm=isch&q=Cafe+instantaneo+ARLISTAN+frasco+x100gr;
 7.790.070.933.638 ;Cafe instantaneo ARLISTAN x170gr;ARLISTAN;Almacen;7105.00;105;https://www.google.com/search?tbm=isch&q=Cafe+instantaneo+ARLISTAN+x170gr;
 2.080.221 ;ASADO swift 5c black congelado e/v xkg;ASADO;Almacen;39138.00;106;https://www.google.com/search?tbm=isch&q=ASADO+swift+5c+black+congelado+e/v+xkg;
 2.080.222 ;ASADO swift 8c black congelado e/v xkg;ASADO;Almacen;35018.00;107;https://www.google.com/search?tbm=isch&q=ASADO+swift+8c+black+congelado+e/v+xkg;
 2.088.535 ;ASADO swift 5c UP black congelado e/v xk;ASADO;Almacen;39138.00;108;https://www.google.com/search?tbm=isch&q=ASADO+swift+5c+UP+black+congelado+e/v+xk;
 2.081.322 ;ASADO BANDERITA swift black cong. xkg;ASADO BANDERITA;Almacen;44288.00;109;https://www.google.com/search?tbm=isch&q=ASADO+BANDERITA+swift+black+cong.+xkg;
 2.088.340 ;ASADO HACHA c/hueso swift black cong xkg;ASADO HACHA;Almacen;14418.00;110;https://www.google.com/search?tbm=isch&q=ASADO+HACHA+c/hueso+swift+black+cong+xkg;
 7.790.117.000.019 ;Bolsa resid ASURIN 45x60 plana 10u;ASURIN;Almacen;1636.00;111;https://www.google.com/search?tbm=isch&q=Bolsa+resid+ASURIN+45x60+plana+10u;
 7.790.117.000.026 ;Bolsa resid ASURIN 50x70 plana 10u;ASURIN;Almacen;1883.00;112;https://www.google.com/search?tbm=isch&q=Bolsa+resid+ASURIN+50x70+plana+10u;
 7.790.117.000.200 ;Bolsa resid ASURIN 45x60 rollo 30u;ASURIN;Almacen;4279.00;113;https://www.google.com/search?tbm=isch&q=Bolsa+resid+ASURIN+45x60+rollo+30u;
 7.790.117.000.231 ;Bolsa resid ASURIN 50x70 rollo 30u;ASURIN;Almacen;6875.00;114;https://www.google.com/search?tbm=isch&q=Bolsa+resid+ASURIN+50x70+rollo+30u;
 7.791.293.028.781 ;Deo corp AXE black x150ml;AXE;Almacen;3342.00;115;https://www.google.com/search?tbm=isch&q=Deo+corp+AXE+black+x150ml;
 7.791.293.025.780 ;Deo corp AXE apollo aero x150ml;AXE;Almacen;3342.00;116;https://www.google.com/search?tbm=isch&q=Deo+corp+AXE+apollo+aero+x150ml;
 7.791.293.043.845 ;Deo corp AXE gold aero x150ml;AXE;Almacen;3342.00;117;https://www.google.com/search?tbm=isch&q=Deo+corp+AXE+gold+aero+x150ml;
 7.791.293.043.807 ;Deo corp AXE musk aero x150ml;AXE;Almacen;3342.00;118;https://www.google.com/search?tbm=isch&q=Deo+corp+AXE+musk+aero+x150ml;
 7.791.293.043.791 ;Deo corp AXE marine aero x150ml;AXE;Almacen;3342.00;119;https://www.google.com/search?tbm=isch&q=Deo+corp+AXE+marine+aero+x150ml;
 7.791.293.044.040 ;Deo corp AXE epic fresh aero x150ml;AXE;Almacen;2799.00;120;https://www.google.com/search?tbm=isch&q=Deo+corp+AXE+epic+fresh+aero+x150ml;
 7.791.293.043.838 ;Deo corp AXE collision aero x150ml;AXE;Almacen;2799.00;121;https://www.google.com/search?tbm=isch&q=Deo+corp+AXE+collision+aero+x150ml;
 7.791.293.025.797 ;Deo corp AXE dark tempation aero x150ml;AXE;Almacen;3342.00;122;https://www.google.com/search?tbm=isch&q=Deo+corp+AXE+dark+tempation+aero+x150ml;
 7.791.293.050.614 ;Deo corp AXE marine aero x230ml;AXE;Almacen;3912.00;123;https://www.google.com/search?tbm=isch&q=Deo+corp+AXE+marine+aero+x230ml;
 7.791.293.050.607 ;Deo corp AXE musk aero x230ml;AXE;Almacen;3912.00;124;https://www.google.com/search?tbm=isch&q=Deo+corp+AXE+musk+aero+x230ml;
 7.791.293.051.031 ;Deo corp AXE bodyspray bzrp coco x150ml;AXE;Almacen;3859.00;125;https://www.google.com/search?tbm=isch&q=Deo+corp+AXE+bodyspray+bzrp+coco+x150ml;
 7.793.253.003.715 ;Lavandina AYUDIN tr./poder lavanda x1lt;AYUDIN;Almacen;1389.00;126;https://www.google.com/search?tbm=isch&q=Lavandina+AYUDIN+tr./poder+lavanda+x1lt;
 7.793.253.003.722 ;Lavandina AYUDIN tr./poder lavanda x2lt;AYUDIN;Almacen;2769.00;127;https://www.google.com/search?tbm=isch&q=Lavandina+AYUDIN+tr./poder+lavanda+x2lt;
 7.793.253.003.746 ;Lavandina AYUDIN tr./poder p.glaci. x1lt;AYUDIN;Almacen;1389.00;128;https://www.google.com/search?tbm=isch&q=Lavandina+AYUDIN+tr./poder+p.glaci.+x1lt;
 7.793.253.003.791 ;Lavandina gel AYUDIN original x700ml;AYUDIN;Almacen;2734.00;129;https://www.google.com/search?tbm=isch&q=Lavandina+gel+AYUDIN+original+x700ml;
 7.793.253.003.807 ;Lavandina gel AYUDIN citrica x700/750ml;AYUDIN;Almacen;2734.00;130;https://www.google.com/search?tbm=isch&q=Lavandina+gel+AYUDIN+citrica+x700/750ml;
 7.793.253.003.814 ;Lavandina gel AYUDIN floral x700/750ml;AYUDIN;Almacen;2734.00;131;https://www.google.com/search?tbm=isch&q=Lavandina+gel+AYUDIN+floral+x700/750ml;
 7.790.132.098.459 ;Lavandina AYUDIN original x1lt;AYUDIN;Almacen;1008.00;132;https://www.google.com/search?tbm=isch&q=Lavandina+AYUDIN+original+x1lt;
 7.793.253.003.821 ;Lavandina gel AYUDIN menta x700/750ml;AYUDIN;Almacen;2734.00;133;https://www.google.com/search?tbm=isch&q=Lavandina+gel+AYUDIN+menta+x700/750ml;
 7.793.253.003.739 ;Lavandina AYUDIN tr./poder lavanda x4lt;AYUDIN;Almacen;5354.00;134;https://www.google.com/search?tbm=isch&q=Lavandina+AYUDIN+tr./poder+lavanda+x4lt;
 7.793.253.004.774 ;Quitam AYUDIN blancos intensos x1lt;AYUDIN;Almacen;1852.00;135;https://www.google.com/search?tbm=isch&q=Quitam+AYUDIN+blancos+intensos+x1lt;
 7.793.253.004.781 ;Quitam AYUDIN blancos intensos x2lt;AYUDIN;Almacen;3527.00;136;https://www.google.com/search?tbm=isch&q=Quitam+AYUDIN+blancos+intensos+x2lt;
 7.793.253.003.838 ;Lavandina gel AYUDIN Lavanda x700/750ml;AYUDIN;Almacen;2734.00;137;https://www.google.com/search?tbm=isch&q=Lavandina+gel+AYUDIN+Lavanda+x700/750ml;
 7.793.253.006.709 ;Lavandina AYUDIN original x2lt;AYUDIN;Almacen;2161.00;138;https://www.google.com/search?tbm=isch&q=Lavandina+AYUDIN+original+x2lt;
 7.793.253.003.258 ;Quitam AYUDIN blanco supremo d/p x400ml;AYUDIN;Almacen;1955.00;139;https://www.google.com/search?tbm=isch&q=Quitam+AYUDIN+blanco+supremo+d/p+x400ml;
 7.793.253.003.241 ;Quitam AYUDIN colores vivos d/p x650ml;AYUDIN;Almacen;2965.00;140;https://www.google.com/search?tbm=isch&q=Quitam+AYUDIN+colores+vivos+d/p+x650ml;
 7.793.253.003.418 ;Quitam AYUDIN colores vivos bot x700ml;AYUDIN;Almacen;3562.00;141;https://www.google.com/search?tbm=isch&q=Quitam+AYUDIN+colores+vivos+bot+x700ml;
 7.793.253.004.361 ;Toallitas desinf AYUDIN fresco tubo x65u;AYUDIN;Almacen;8049.00;142;https://www.google.com/search?tbm=isch&q=Toallitas+desinf+AYUDIN+fresco+tubo+x65u;
 7.793.253.003.777 ;Lavandina AYUDIN liq. a/splash nuevox1lt;AYUDIN;Almacen;1719.00;143;https://www.google.com/search?tbm=isch&q=Lavandina+AYUDIN+liq.+a/splash+nuevox1lt;
 7.793.253.006.716 ;Lavandina AYUDIN original x4lt;AYUDIN;Almacen;4681.01;144;https://www.google.com/search?tbm=isch&q=Lavandina+AYUDIN+original+x4lt;
 7.790.765.000.188 ;Vino AZABACHE malbec roble x750cc;AZABACHE;Almacen;2778.99;145;https://www.google.com/search?tbm=isch&q=Vino+AZABACHE+malbec+roble+x750cc;
 7.790.765.000.591 ;Espumante AZABACHE extra brut x750c;AZABACHE;Almacen;4839.00;146;https://www.google.com/search?tbm=isch&q=Espumante+AZABACHE+extra+brut+x750c;
 7.790.250.040.774 ;Pańal BABYSEC Ultra Soft reg G x8u;BABYSEC;Almacen;2882.00;147;https://www.google.com/search?tbm=isch&q=Pańal+BABYSEC+Ultra+Soft+reg+G+x8u;
 7.790.250.040.781 ;Pańal BABYSEC Ultra Soft reg XG x8u;BABYSEC;Almacen;2882.00;148;https://www.google.com/search?tbm=isch&q=Pańal+BABYSEC+Ultra+Soft+reg+XG+x8u;
 7.790.250.042.860 ;Pańal BABYSEC Premium Soft hiper XG x32u;BABYSEC;Almacen;13903.00;149;https://www.google.com/search?tbm=isch&q=Pańal+BABYSEC+Premium+Soft+hiper+XG+x32u;
 7.790.250.042.792 ;Pańal BABYSEC Premium Soft hiper M x48u;BABYSEC;Almacen;13903.00;150;https://www.google.com/search?tbm=isch&q=Pańal+BABYSEC+Premium+Soft+hiper+M+x48u;
 7.790.250.042.914 ;Pańal BABYSEC Premium Soft jumbo G x60u;BABYSEC;Almacen;15345.00;151;https://www.google.com/search?tbm=isch&q=Pańal+BABYSEC+Premium+Soft+jumbo+G+x60u;
 7.790.250.042.921 ;Pańal BABYSEC Premium Soft jumbo XG x48u;BABYSEC;Almacen;15345.00;152;https://www.google.com/search?tbm=isch&q=Pańal+BABYSEC+Premium+Soft+jumbo+XG+x48u;
 7.790.250.040.767 ;Pańal BABYSEC Ultra Soft reg M x8u;BABYSEC;Almacen;2882.00;153;https://www.google.com/search?tbm=isch&q=Pańal+BABYSEC+Ultra+Soft+reg+M+x8u;
 7.790.250.042.051 ;Pańal BABYSEC Ultra Soft hiper M x48u;BABYSEC;Almacen;11108.01;154;https://www.google.com/search?tbm=isch&q=Pańal+BABYSEC+Ultra+Soft+hiper+M+x48u;
 7.790.250.042.068 ;Pańal BABYSEC Ultra Soft hiper G x40u;BABYSEC;Almacen;11108.01;155;https://www.google.com/search?tbm=isch&q=Pańal+BABYSEC+Ultra+Soft+hiper+G+x40u;
 7.790.250.042.075 ;Pańal BABYSEC Ultra Soft hiper XG x32u;BABYSEC;Almacen;11108.01;156;https://www.google.com/search?tbm=isch&q=Pańal+BABYSEC+Ultra+Soft+hiper+XG+x32u;
 7.790.250.042.082 ;Pańal BABYSEC Ultra Soft hiper XXG x30u;BABYSEC;Almacen;11108.01;157;https://www.google.com/search?tbm=isch&q=Pańal+BABYSEC+Ultra+Soft+hiper+XXG+x30u;
 7.790.250.042.969 ;Pańal BABYSEC Premium Soft reg G x8u;BABYSEC;Almacen;4407.00;158;https://www.google.com/search?tbm=isch&q=Pańal+BABYSEC+Premium+Soft+reg+G+x8u;
 7.790.250.042.877 ;Pańal BABYSEC Premium Soft reg XG x8u;BABYSEC;Almacen;4407.00;159;https://www.google.com/search?tbm=isch&q=Pańal+BABYSEC+Premium+Soft+reg+XG+x8u;
 7.790.250.042.907 ;Pańal BABYSEC Premium Soft reg XXG x8u;BABYSEC;Almacen;4407.00;160;https://www.google.com/search?tbm=isch&q=Pańal+BABYSEC+Premium+Soft+reg+XXG+x8u;
 7.790.250.042.754 ;Pańal BABYSEC Premium Soft reg P x12u;BABYSEC;Almacen;4407.00;161;https://www.google.com/search?tbm=isch&q=Pańal+BABYSEC+Premium+Soft+reg+P+x12u;
 7.790.250.042.952 ;Pańal BABYSEC Premium Soft reg M x8u;BABYSEC;Almacen;4407.00;162;https://www.google.com/search?tbm=isch&q=Pańal+BABYSEC+Premium+Soft+reg+M+x8u;
 7.790.250.040.859 ;Pańal BABYSEC Ultra Soft jumbo M x68u;BABYSEC;Almacen;14624.00;163;https://www.google.com/search?tbm=isch&q=Pańal+BABYSEC+Ultra+Soft+jumbo+M+x68u;
 7.790.250.040.866 ;Pańal BABYSEC Ultra Soft jumbo G x60u;BABYSEC;Almacen;14624.00;164;https://www.google.com/search?tbm=isch&q=Pańal+BABYSEC+Ultra+Soft+jumbo+G+x60u;
 7.790.250.040.873 ;Pańal BABYSEC Ultra Soft jumbo XG x52u;BABYSEC;Almacen;14624.00;165;https://www.google.com/search?tbm=isch&q=Pańal+BABYSEC+Ultra+Soft+jumbo+XG+x52u;
 7.790.250.040.880 ;Pańal BABYSEC Ultra Soft jumbo XXG x50u;BABYSEC;Almacen;14624.00;166;https://www.google.com/search?tbm=isch&q=Pańal+BABYSEC+Ultra+Soft+jumbo+XXG+x50u;
 7.790.250.042.198 ;Pańal BABYSEC Super Premium P X30u;BABYSEC;Almacen;24203.00;167;https://www.google.com/search?tbm=isch&q=Pańal+BABYSEC+Super+Premium+P+X30u;
 7.790.250.042.181 ;Pańal BABYSEC Super Premium M x48u;BABYSEC;Almacen;21628.00;168;https://www.google.com/search?tbm=isch&q=Pańal+BABYSEC+Super+Premium+M+x48u;
 7.790.250.042.174 ;Pańal BABYSEC Super Premium G x60u;BABYSEC;Almacen;21628.00;169;https://www.google.com/search?tbm=isch&q=Pańal+BABYSEC+Super+Premium+G+x60u;
 7.790.250.042.167 ;Pańal BABYSEC Super Premium XG x48u;BABYSEC;Almacen;21628.00;170;https://www.google.com/search?tbm=isch&q=Pańal+BABYSEC+Super+Premium+XG+x48u;
 7.790.250.042.150 ;Pańal BABYSEC Super Premium XXG x44u;BABYSEC;Almacen;21628.00;171;https://www.google.com/search?tbm=isch&q=Pańal+BABYSEC+Super+Premium+XXG+x44u;
 7.896.061.990.687 ;Toa hum BABYSEC ultra fresh x50u;BABYSEC;Almacen;3105.01;172;https://www.google.com/search?tbm=isch&q=Toa+hum+BABYSEC+ultra+fresh+x50u;
 7.610.113.024.362 ;Ron BACARDI blanco x700cc;BACARDI;Almacen;18998.00;173;https://www.google.com/search?tbm=isch&q=Ron+BACARDI+blanco+x700cc;
 7.610.113.025.024 ;Ron BACARDI oro x700cc;BACARDI;Almacen;18998.00;174;https://www.google.com/search?tbm=isch&q=Ron+BACARDI+oro+x700cc;
 7.790.036.000.572 ;Jugo BAGGIO PRONTO manzana roja x200cc;BAGGIO;Almacen;658.00;175;https://www.google.com/search?tbm=isch&q=Jugo+BAGGIO+PRONTO+manzana+roja+x200cc;
 7.790.040.136.250 ;Galletitas CEREALES BAGLEY salvadox169g;BAGLEY;Almacen;1282.00;176;https://www.google.com/search?tbm=isch&q=Galletitas+CEREALES+BAGLEY+salvadox169g;
 7.790.040.136.243 ;Galletitas CEREALES BAGLEY salv.3ux169gr;BAGLEY;Almacen;3397.00;177;https://www.google.com/search?tbm=isch&q=Galletitas+CEREALES+BAGLEY+salv.3ux169gr;
 7.795.933.000.298 ;Atun BAHIA desmenuzado al natural x170gr;BAHIA;Almacen;1405.00;178;https://www.google.com/search?tbm=isch&q=Atun+BAHIA+desmenuzado+al+natural+x170gr;
 7.795.933.000.045 ;Caballa BAHIA en aceite x380g;BAHIA;Almacen;4077.00;179;https://www.google.com/search?tbm=isch&q=Caballa+BAHIA+en+aceite+x380g;
 5.010.106.113.073 ;Whisky BALLANTINES x 700/750cc;BALLANTINES;Almacen;33123.00;180;https://www.google.com/search?tbm=isch&q=Whisky+BALLANTINES+x+700/750cc;
 7.790.975.000.152 ;Espumante BARON B extra brut x750cc;BARON B;Almacen;31413.00;181;https://www.google.com/search?tbm=isch&q=Espumante+BARON+B+extra+brut+x750cc;
 2.047.752 ;Queso mozza BARRAZA cilindro grande xkg;BARRAZA;Almacen;11318.00;182;https://www.google.com/search?tbm=isch&q=Queso+mozza+BARRAZA+cilindro+grande+xkg;
 2.054.709 ;Queso cremoso BARRAZA Horma xkg;BARRAZA;Almacen;8496.00;183;https://www.google.com/search?tbm=isch&q=Queso+cremoso+BARRAZA+Horma+xkg;
 2.005.957 ;Queso azul BAVARIA Horma xkg;BAVARIA;Almacen;23791.00;184;https://www.google.com/search?tbm=isch&q=Queso+azul+BAVARIA+Horma+xkg;
 7.790.380.311.034 ;Chicle BAZOOKA tutti frutti 80ux4g;BAZOOKA;Almacen;7204.00;185;https://www.google.com/search?tbm=isch&q=Chicle+BAZOOKA+tutti+frutti+80ux4g;
 7.790.380.311.027 ;Chicle BAZOOKA menta 80ux4g;BAZOOKA;Almacen;7204.00;186;https://www.google.com/search?tbm=isch&q=Chicle+BAZOOKA+menta+80ux4g;
 7.793.360.131.547 ;Mermelada BC ciruela x390gr;BC;Almacen;3270.00;187;https://www.google.com/search?tbm=isch&q=Mermelada+BC+ciruela+x390gr;
 7.793.360.131.516 ;Mermelada BC durazno x390gr;BC;Almacen;3074.01;188;https://www.google.com/search?tbm=isch&q=Mermelada+BC+durazno+x390gr;
 5.000.299.618.417 ;Gin BEEFEATER LONDON dry x 700cc;BEEFEATER;Almacen;28684.00;189;https://www.google.com/search?tbm=isch&q=Gin+BEEFEATER+LONDON+dry+x+700cc;
 5.000.299.618.424 ;Gin BEEFEATER LONDON dry x1lt;BEEFEATER;Almacen;31646.00;190;https://www.google.com/search?tbm=isch&q=Gin+BEEFEATER+LONDON+dry+x1lt;
 7.622.202.311.567 ;Chicles BELDENT globo x10g;BELDENT;Almacen;718.99;191;https://www.google.com/search?tbm=isch&q=Chicles+BELDENT+globo+x10g;
 7.622.202.311.598 ;Chicles BELDENT mentol x10g;BELDENT;Almacen;718.99;192;https://www.google.com/search?tbm=isch&q=Chicles+BELDENT+mentol+x10g;
 7.790.070.760.562 ;Vino BENJAMIN cabernet x750cc;BENJAMIN;Almacen;4866.00;193;https://www.google.com/search?tbm=isch&q=Vino+BENJAMIN+cabernet+x750cc;
 7.790.070.760.579 ;Vino BENJAMIN malbec x750cc;BENJAMIN;Almacen;4866.00;194;https://www.google.com/search?tbm=isch&q=Vino+BENJAMIN+malbec+x750cc;
 7.790.139.101.695 ;Alcohol de quemar PORTA x500ml;BI ALCOHOL;Almacen;2312.00;195;https://www.google.com/search?tbm=isch&q=Alcohol+de+quemar+PORTA+x500ml;
 7.790.703.205.675 ;Vino BIANCHI famiglia malbec x750cc;BIANCHI;Almacen;8276.00;196;https://www.google.com/search?tbm=isch&q=Vino+BIANCHI+famiglia+malbec+x750cc;
 7.790.703.205.026 ;Vino BIANCHI VARIETALES malbec x 750ml;BIANCHI;Almacen;5828.00;197;https://www.google.com/search?tbm=isch&q=Vino+BIANCHI+VARIETALES+malbec+x+750ml;
 70.330.631.328 ;ENCENDEDOR bic mini J5;BIC;Almacen;925.00;198;https://www.google.com/search?tbm=isch&q=ENCENDEDOR+bic+mini+J5;
 70.330.717.534 ;Maq afeitar BIC COMFORT3 advance x1u;BIC;Almacen;1307.01;199;https://www.google.com/search?tbm=isch&q=Maq+afeitar+BIC+COMFORT3+advance+x1u;
